Word,Frequency
simpleclassname,1718
yarn,1673
container,1498
application,1086
resource,927
queue,917
node,883
rm,793
support,781
user,678
service,631
run,566
cluster,556
nm,517
scheduler,501
request,419
app,361
change,335
log,333
api,318
job,312
create,300
client,299
allow,299
file,297
base,283
capacity,277
configuration,276
currently,272
set,270
provide,263
like,246
state,231
task,231
start,229
allocation,224
work,221
different,214
label,211
memory,209
implement,209
timeline,206
hadoop,205
schedule,204
data,204
docker,199
process,198
type,198
filepath,197
store,196
implementation,195
policy,194
rest,191
add,188
case,187
launch,184
server,182
event,181
enable,178
per,177
allocate,176
restart,175
current,171
multiple,169
preemption,169
information,169
propose,167
heartbeat,167
issue,167
list,166
level,165
track,163
call,163
example,162
way,160
apps,158
fair,157
share,155
exist,154
code,154
web,153
require,151
handle,148
manager,148
entity,147
good,144
submit,144
feature,143
want,137
design,137
long,136
able,136
framework,135
introduce,135
class,133
cpu,132
update,132
priority,131
hdfs,131
local,131
default,130
interface,130
specify,128
attempt,127
fail,125
versionnumber,124
kill,123
limit,122
large,121
ui,120
take,120
specific,120
mechanism,119
umbrella,118
scheduling,118
without,117
write,117
available,117
token,114
well,114
first,113
improve,113
instead,112
system,111
value,111
federation,111
single,110
gpu,110
configure,110
cache,109
problem,109
load,108
many,108
directory,107
disk,107
instance,107
host,106
via,106
sub,106
reservation,106
classname,106
move,106
number,105
placement,104
common,104
id,103
non,103
thread,103
give,101
name,101
send,100
storage,100
return,100
possible,99
test,99
parent,99
however,99
separate,99
config,99
access,98
part,97
logic,97
component,97
method,96
make,96
check,95
apis,92
order,92
query,92
aggregation,92
read,91
include,91
flow,91
management,90
key,89
manage,88
solution,87
scenario,87
core,87
since,87
define,85
today,84
option,84
functionality,83
router,82
operation,81
address,81
consider,81
command,80
still,80
high,79
even,79
path,79
preempt,79
opportunistic,79
active,78
follow,78
try,78
performance,78
upgrade,77
map,77
every,77
similar,77
already,76
extend,76
image,76
usage,76
let,75
at,75
control,74
back,73
proxy,73
constraint,73
do,72
collector,72
rack,71
nodemanager,71
remove,71
mode,70
increase,69
size,69
expose,69
easy,69
mb,69
complete,68
info,68
stop,68
utilization,68
protocol,67
mapreduce,67
find,67
executor,67
am,67
filter,66
get,66
place,66
attribute,65
hbase,65
help,65
group,65
mapping,64
across,64
failure,64
side,64
detail,64
within,64
ability,64
end,63
auto,63
requirement,63
finish,63
cause,63
property,62
approach,62
point,62
think,62
u,62
aggregate,62
proposal,62
behavior,62
go,61
wait,61
version,61
delay,61
master,61
come,61
know,61
look,60
patch,60
response,60
keep,60
useful,60
security,60
mr,60
relate,59
network,59
assign,59
table,59
cli,58
result,58
githublink,57
endpoint,57
another,56
port,56
multi,56
object,55
register,55
hard,55
metric,55
weblink,55
device,55
generic,55
discussion,54
avoid,54
environment,54
cost,54
reduce,54
connection,53
either,53
mean,53
simple,53
following,53
pluggable,53
controller,53
cgroups,53
execute,53
old,53
parameter,53
additional,53
script,52
locality,52
certain,52
lot,52
put,52
java,51
much,51
creation,51
fix,51
layer,51
userprofilelink,51
leaf,51
isolation,51
project,50
decommission,49
retry,49
tag,49
use,49
context,49
step,49
running,49
small,49
rule,48
format,48
build,48
field,48
prevent,47
domain,47
submission,47
distribute,47
status,46
secure,46
doc,46
recover,46
capability,46
rpc,46
become,46
maximum,46
report,46
native,45
recovery,45
machine,45
preserve,45
reserve,45
plugin,45
several,45
addition,45
perform,44
pending,44
amount,44
acls,44
module,44
execution,44
present,44
modify,43
happen,43
monitor,43
minimum,43
c,43
directly,43
pool,43
error,43
history,43
serve,43
improvement,43
block,43
registry,42
failover,42
delete,42
receive,42
dir,42
sort,42
percentage,42
dynamically,41
lose,41
due,41
page,41
never,41
lock,41
admin,41
second,41
time,40
guarantee,40
record,40
reader,40
algorithm,40
effort,40
related,39
lead,39
blacklist,39
solve,39
model,39
future,39
less,39
basic,39
identify,38
thing,38
something,38
view,38
real,38
clean,38
next,38
roll,38
necessary,38
always,38
workload,37
processing,37
ticket,37
ensure,37
writer,37
runtime,37
gb,37
low,37
document,37
message,37
interval,37
decision,37
copy,37
lifecycle,37
important,37
right,36
spark,36
accept,36
scale,36
setup,36
atsv,35
count,35
zk,35
global,35
async,35
disable,35
discuss,35
expect,35
say,35
ask,35
dynamic,35
child,35
sl,35
show,35
purpose,34
note,34
reason,34
ha,34
tool,34
function,33
whether,33
depend,33
inside,33
release,33
structure,33
continue,33
rms,33
auxiliary,33
plan,33
localization,33
root,33
pass,32
choose,32
trigger,32
shutdown,32
window,32
location,32
http,32
enough,32
rather,32
max,32
absolute,32
activity,32
full,32
delegation,31
generate,31
aware,31
unit,31
demand,31
phase,31
particular,31
weight,31
maintain,31
communication,31
daemon,31
achieve,31
enhance,30
library,30
enforce,30
attach,30
turn,30
worker,30
explicitly,30
automatically,30
ip,30
home,30
remote,30
health,30
fine,30
partition,30
compute,29
slow,29
static,29
integrate,29
threshold,29
determine,29
contain,29
hierarchy,29
later,29
timeout,29
exception,29
dirs,29
nice,29
appropriate,29
various,28
idea,28
zero,28
jar,28
source,28
miss,28
refactor,28
big,28
general,28
validation,28
fetch,28
overall,28
exit,28
linux,28
along,28
platform,28
entire,28
deploy,28
setting,28
flexible,27
external,27
sense,27
upon,27
duplicate,27
catalog,27
mark,27
describe,27
acl,27
seem,27
calculation,27
initial,27
concept,27
leverage,27
configs,27
independent,26
internal,26
reuse,26
provider,26
publish,26
shuffle,26
likely,26
validate,26
especially,26
definition,26
lifetime,26
override,26
display,26
potentially,26
slider,26
privilege,25
discovery,25
account,25
distributed,25
balance,25
decide,25
individual,25
around,25
session,25
difficult,25
unnecessary,25
space,25
consume,25
refer,25
cleanup,25
invoke,25
tez,25
bad,25
replace,25
one,24
assume,24
least,24
enhancement,24
input,24
administrator,24
url,24
impact,24
link,24
fpga,24
limitation,24
apply,24
dns,24
simplify,24
vcores,24
primary,24
situation,24
dispatcher,24
pre,24
satisfy,23
otherwise,23
thus,23
term,23
production,23
noformatblock,23
associate,23
f,23
bring,23
profile,23
completion,23
expression,23
merge,23
progress,23
exclusive,23
simulator,23
actually,22
authentication,22
target,22
workflow,22
match,22
configurable,22
throughput,22
package,22
therefore,22
sure,22
unhealthy,22
gpus,22
post,22
parse,22
abstraction,22
whole,22
guaranteed,22
retrieve,22
decrease,21
outside,21
headroom,21
late,21
period,21
break,21
goal,21
talk,21
open,21
original,21
overhead,21
topology,21
connect,21
hang,21
transition,21
benefit,21
json,21
potential,21
resolve,21
previous,21
upload,21
entry,21
trace,21
true,21
top,21
collect,21
action,21
persist,21
prefix,21
meet,20
latency,20
free,20
vendor,20
ideally,20
deployment,20
accord,20
normal,20
rout,20
localize,20
last,20
m,20
inform,20
fairness,20
resync,20
affect,20
short,20
filesystem,20
custom,20
cycle,20
close,20
main,20
easily,20
reject,20
enforcement,19
comment,19
interceptor,19
flush,19
database,19
focus,19
unique,19
candidate,19
alternative,19
renew,19
driver,19
properly,19
isolate,19
arbitrary,19
critical,19
chain,19
pick,19
quite,19
min,19
actual,19
skip,19
relative,19
line,19
cgroup,19
select,19
reach,19
initialize,19
split,19
debug,19
mawo,19
index,19
variable,19
standby,18
hold,18
world,18
drive,18
total,18
volume,18
bind,18
switch,18
handler,18
relevant,18
three,18
asynchronous,18
obtain,18
fast,18
though,18
ideal,18
grain,18
ifile,18
belong,18
remain,18
servlet,18
nvidia,18
ok,18
binary,18
save,18
complex,18
listener,18
consistent,18
invocation,18
scalable,18
sometimes,17
cross,17
writes,17
hook,17
cover,17
idle,17
leveldb,17
fragment,17
webapp,17
ignore,17
output,17
final,17
fs,17
others,17
sync,17
agent,17
occur,17
fifo,17
leave,17
affinity,17
manner,17
simply,17
developer,17
valid,17
download,17
optimize,17
abstract,17
retries,17
classpath,17
section,17
uis,17
permission,16
proper,16
kick,16
csi,16
special,16
refactoring,16
signal,16
decouple,16
previously,16
best,16
startup,16
pull,16
among,16
registration,16
loop,16
diagnostic,16
lookup,16
comparison,16
stateless,16
optional,16
problematic,16
respect,16
notion,16
busy,16
public,16
tell,16
monitoring,16
availability,16
backend,16
hence,16
notify,16
apache,16
resourcemanager,16
push,16
cloud,15
deal,15
issuelink,15
mount,15
basically,15
assignment,15
string,15
figure,15
secret,15
nms,15
couple,15
template,15
scope,15
utilize,15
namespace,15
fact,15
aggregated,15
schema,15
factor,15
really,15
understand,15
null,15
organization,15
offline,15
basis,15
fairscheduler,15
preference,15
together,15
efficient,15
handling,15
often,15
init,15
sequence,15
graceful,15
virtual,15
minute,15
simulate,15
care,15
ssd,14
supply,14
mention,14
see,14
restrict,14
mapper,14
bundle,14
immediately,14
life,14
unmanaged,14
membership,14
correct,14
description,14
early,14
scalability,14
development,14
shut,14
recur,14
soon,14
hierarchical,14
rely,14
privileged,14
strategy,14
zookeeper,14
convert,14
empty,14
force,14
initialization,14
corresponding,14
io,14
cve,14
yet,14
behave,14
trunk,14
metadata,14
quickly,14
helpful,14
suffix,13
migration,13
simulation,13
far,13
effective,13
great,13
software,13
architecture,13
speed,13
calculate,13
refresh,13
lce,13
rate,13
principal,13
standard,13
header,13
admins,13
modification,13
newly,13
traffic,13
outstanding,13
beyond,13
extension,13
helper,13
represent,13
search,13
o,13
expensive,13
temporary,13
kerberos,13
experience,13
physical,13
specifically,13
communicate,13
vulnerability,13
terminate,13
responsible,13
dedicate,13
hive,13
unless,13
robust,13
parallel,13
collection,13
intend,13
evaluate,13
resize,13
standalone,13
namenode,13
browser,13
nn,13
updated,13
buffer,13
commit,13
whose,13
aggregator,12
transfer,12
mem,12
correspond,12
centralized,12
diagnostics,12
removal,12
frequently,12
forward,12
private,12
argument,12
oom,12
transparently,12
federated,12
incompatible,12
encapsulate,12
reload,12
tensorflow,12
join,12
trust,12
day,12
involve,12
maybe,12
infrastructure,12
whenever,12
redirect,12
bit,12
possibly,12
review,12
eventually,12
stateful,12
localizer,12
succeed,12
stream,12
distinguish,12
ahs,12
flexibility,12
imageattachment,12
appear,12
summary,12
increment,12
additionally,12
equivalent,12
huge,12
allocated,12
kind,12
forever,12
advantage,12
configured,12
owner,12
site,12
accomplish,12
piece,12
hit,12
develop,12
bandwidth,12
wrap,11
flag,11
sleep,11
authorization,11
combination,11
locally,11
internally,11
db,11
optionally,11
random,11
lived,11
chargeback,11
thousand,11
fairshare,11
suggest,11
winutils,11
length,11
bug,11
incoming,11
thought,11
own,11
throw,11
raw,11
average,11
direct,11
interaction,11
fully,11
periodically,11
cap,11
ops,11
dt,11
subsystem,11
feedback,11
globally,11
retention,11
scan,11
faster,11
successfully,11
usability,11
effectively,11
form,11
detect,11
runtimes,11
compaction,11
safe,11
ad,11
generalize,11
compatibility,11
question,11
behind,11
reclaim,11
deep,11
reducer,11
recently,11
false,11
row,11
live,11
clear,11
minimize,11
hour,11
completely,11
append,11
branch,11
perhaps,11
secondary,11
super,11
box,11
efficiently,11
crash,10
rmapp,10
ready,10
wce,10
heavy,10
concern,10
leader,10
significantly,10
queueable,10
credential,10
indicate,10
attachment,10
item,10
hand,10
aux,10
batch,10
capture,10
stage,10
observe,10
treat,10
anti,10
aim,10
story,10
challenge,10
propagate,10
adjust,10
prefer,10
locate,10
waste,10
bootstrap,10
effect,10
trivial,10
correctly,10
payload,10
utility,10
offer,10
longer,10
hide,10
integration,10
vcore,10
gpg,10
coprocessor,10
logical,10
gracefully,10
detailed,10
regard,10
raise,10
optimization,10
wrapper,10
randomly,10
engine,10
oozie,10
although,10
discover,10
authenticate,10
primarily,10
stderr,10
maintenance,10
essentially,10
round,10
automatic,10
starve,10
htrace,10
difference,9
towards,9
condition,9
stable,9
migrate,9
interested,9
windows,9
extract,9
style,9
operate,9
fill,9
suggestion,9
localized,9
centralize,9
instal,9
rich,9
encounter,9
documentation,9
fallback,9
specification,9
socket,9
impala,9
desirable,9
azure,9
sensitive,9
alpha,9
backing,9
flex,9
desire,9
specified,9
central,9
hundred,9
gap,9
hardware,9
reasonable,9
compatible,9
half,9
stdout,9
unify,9
failed,9
opportunity,9
usually,9
cc,9
conf,9
compare,9
tfile,9
else,9
vector,9
prototype,9
typically,9
ratio,9
throttle,9
dominant,9
iterate,9
building,9
cardinality,9
independently,9
eliminate,9
solr,8
lib,8
reboot,8
reverse,8
delegate,8
range,8
ordering,8
learning,8
characteristic,8
stick,8
initially,8
concurrent,8
drain,8
reference,8
except,8
realize,8
separated,8
interactive,8
separately,8
broadcast,8
pair,8
unified,8
pack,8
attached,8
restriction,8
dummy,8
dag,8
probably,8
sls,8
keytab,8
curator,8
embed,8
checker,8
extra,8
processor,8
abuse,8
cmd,8
generation,8
intra,8
parser,8
reconnect,8
composite,8
protection,8
deletion,8
callback,8
hostname,8
decommissioning,8
env,8
attack,8
semantics,8
reset,8
matter,8
nodelabels,8
hint,8
deployed,8
everything,8
frequency,8
tc,8
route,8
subcluster,8
significant,8
statistic,8
phoenix,8
regardless,8
establish,8
portion,8
wish,8
subsequent,8
fit,8
nodelabel,8
pb,8
plug,8
python,8
initiate,8
remember,8
pattern,8
latter,8
cs,8
act,8
restarts,8
team,8
possibility,8
comparator,8
understanding,8
jiras,8
ipc,8
exceed,8
computation,7
perfect,7
finally,7
underlie,7
setter,7
tf,7
expiry,7
little,7
assumption,7
spec,7
fixed,7
practice,7
demonstrate,7
subset,7
demon,7
extensible,7
lack,7
decommissioned,7
restore,7
complicate,7
normally,7
destination,7
carry,7
required,7
launcher,7
origin,7
consumption,7
tree,7
fatal,7
aspect,7
spread,7
background,7
proceed,7
publisher,7
jhs,7
trusted,7
expansion,7
pressure,7
edit,7
successful,7
retrospect,7
pause,7
beneficial,7
dependent,7
concurrently,7
writable,7
jmx,7
notification,7
anyone,7
rid,7
granularity,7
expire,7
somewhat,7
text,7
simpler,7
nodemanagers,7
yarnclient,7
mainly,7
moment,7
adhoc,7
whitelist,7
underlying,7
die,7
co,7
experiment,7
thanks,7
diagnosis,7
highly,7
generator,7
fall,7
recommend,7
better,7
power,7
meanwhile,7
interpret,7
cancel,7
differentiate,7
respectively,7
continuous,7
jvm,7
facilitate,7
agnostic,7
exclude,7
people,7
area,7
dependency,7
medium,7
cf,7
minor,7
hope,7
legacy,7
week,7
natural,7
stats,7
protect,7
face,7
inter,7
awareness,7
blacklisting,7
expand,7
generally,7
distribution,7
authorize,7
admission,7
clearly,7
regular,7
catch,7
storm,6
alive,6
compression,6
revert,6
promote,6
grant,6
community,6
scanner,6
joe,6
revisit,6
gather,6
suffer,6
examine,6
amrm,6
behalf,6
populate,6
adaptive,6
planning,6
consistency,6
past,6
overload,6
outcome,6
member,6
becomes,6
inconsistency,6
stopped,6
p,6
healthy,6
believe,6
loss,6
starvation,6
login,6
implicitly,6
declare,6
repo,6
maximize,6
compound,6
getters,6
verify,6
xml,6
constructor,6
detection,6
deadlock,6
html,6
converter,6
away,6
mi,6
near,6
escape,6
bottleneck,6
saw,6
election,6
caller,6
renewal,6
perspective,6
behaviour,6
fault,6
inherit,6
produce,6
room,6
conversion,6
username,6
stack,6
everyone,6
replicate,6
leak,6
resend,6
mandatory,6
solaris,6
pipeline,6
beta,6
mixed,6
purge,6
requested,6
wireup,6
suppose,6
us,6
bound,6
intermediate,6
tie,6
begin,6
respond,6
race,6
notice,6
charge,6
overview,6
snapshot,6
exactly,6
gain,6
feel,6
readiness,6
advanced,6
particularly,6
timelineservice,6
synthetic,6
inject,6
folk,6
runc,6
identical,6
desired,6
dedicated,6
limited,6
instantaneous,6
boolean,6
logs,6
recognize,6
relaxation,6
wildcard,6
webapps,6
sibling,6
transparent,6
finished,6
adaptor,6
conflict,6
overwrite,6
sequential,6
similarly,6
truly,6
actively,6
synth,6
footprint,6
unknown,6
impl,6
heterogeneous,6
scheme,6
till,6
cumbersome,6
mix,6
occupy,6
queued,6
paas,6
content,6
spend,6
instantiate,6
slave,6
checksum,6
evaluation,6
measure,6
redundant,5
rebuild,5
duplication,5
iteration,5
pay,5
cod,5
continuously,5
moreover,5
whatever,5
plus,5
fraction,5
de,5
d,5
inconvenient,5
relaunched,5
suspend,5
exec,5
terminal,5
txt,5
warn,5
operator,5
etl,5
stay,5
mutation,5
span,5
explicit,5
queuing,5
webui,5
simultaneously,5
express,5
exists,5
shape,5
opt,5
watcher,5
contact,5
finalize,5
spawn,5
sum,5
mtab,5
params,5
decorator,5
strict,5
relax,5
pretty,5
invalid,5
recent,5
typical,5
contribute,5
party,5
nt,5
lpc,5
ec,5
fairly,5
defined,5
date,5
risk,5
manually,5
consolidate,5
exchange,5
rumen,5
bulk,5
wildcards,5
transformation,5
net,5
almost,5
need,5
ugi,5
balancing,5
fork,5
persistent,5
tcp,5
ease,5
compose,5
obviously,5
divide,5
destroy,5
adopt,5
wrt,5
fails,5
invariant,5
intensive,5
dfs,5
success,5
serious,5
analysis,5
friendly,5
none,5
serving,5
satisfied,5
filtering,5
diagram,5
quick,5
originally,5
dead,5
attention,5
rewrite,5
caching,5
launched,5
arrive,5
manual,5
ats,5
mitigate,5
resume,5
os,5
sla,5
ahead,5
furthermore,5
planner,5
applicationid,5
nature,5
unavailable,5
sophisticated,5
stuff,5
attacker,5
modified,5
ceiling,5
exact,5
synchronize,5
gang,5
tooling,5
datanode,5
threadpool,5
reconfigure,5
interest,5
respective,5
minimal,5
compile,5
pagination,5
investigate,5
everywhere,5
jquery,5
hoc,5
rt,5
userlimit,5
prior,5
nearly,5
beginning,5
lease,5
pid,5
tmp,5
classify,5
feasible,5
aarch,5
ci,5
numa,5
fashion,5
rmadmin,5
quota,5
definitely,5
visualizer,5
factory,5
light,5
reproduce,5
counter,5
mask,5
param,5
ten,5
motivation,5
accordingly,5
nested,5
earlier,5
dispatch,5
analogous,5
honor,5
identity,5
predict,5
indefinitely,5
spot,5
consist,5
vary,5
customized,4
card,4
uri,4
runner,4
teardown,4
plain,4
codebase,4
uniquely,4
artifact,4
added,4
apiserver,4
unrecognized,4
consumer,4
appendable,4
lag,4
stacktrace,4
region,4
major,4
wide,4
opinion,4
efficiency,4
elevate,4
transform,4
learn,4
killer,4
submits,4
managing,4
pure,4
complicated,4
kubernetes,4
amrmclient,4
mapped,4
requisite,4
v,4
impalad,4
equal,4
knowledge,4
welcome,4
careful,4
procedure,4
familiar,4
immediate,4
starved,4
locking,4
speculative,4
metainfo,4
logging,4
drawback,4
estimate,4
ultimately,4
tune,4
convenient,4
tradeoff,4
consistently,4
aid,4
bias,4
tracking,4
retain,4
shared,4
synchronization,4
logon,4
dominate,4
encrypt,4
encryption,4
beat,4
heart,4
customize,4
pcore,4
dimension,4
word,4
vs,4
alternate,4
convention,4
facing,4
segment,4
datamaps,4
disabled,4
creator,4
knox,4
band,4
spare,4
asks,4
painful,4
accessible,4
prone,4
four,4
activate,4
containerid,4
gq,4
compete,4
partial,4
tokens,4
negotiate,4
recommission,4
neither,4
consideration,4
proto,4
strictly,4
fake,4
rolling,4
boundary,4
translate,4
calculator,4
repository,4
imply,4
gc,4
blacklisted,4
matching,4
cut,4
hot,4
degrade,4
trouble,4
massive,4
incomplete,4
customer,4
violate,4
protobuf,4
anything,4
tenant,4
proxied,4
costly,4
interact,4
aggressive,4
applicable,4
sequentially,4
binding,4
acquire,4
stress,4
responsibility,4
propagation,4
answer,4
alone,4
expert,4
libjars,4
sit,4
traverse,4
plumb,4
ssh,4
role,4
complexity,4
impossible,4
labeled,4
construct,4
outage,4
collapse,4
delayed,4
assembly,4
bunch,4
putentities,4
confuse,4
verb,4
jt,4
supervision,4
happy,4
inner,4
listen,4
xmx,4
pas,4
rapid,4
infinite,4
asynchronously,4
permit,4
gateway,4
elasticity,4
manifest,4
irrespective,4
folder,4
tb,4
black,4
preserving,4
nothing,4
correction,4
shortcoming,4
coprocessors,4
aqc,4
explain,4
slowly,4
shift,4
poc,4
guard,4
incorrect,4
surface,4
natively,4
online,4
hb,4
naming,4
elastic,4
administer,4
testres,4
concrete,4
participate,4
cors,4
webservice,4
allows,4
enter,4
timestamp,4
identifier,4
year,4
utilized,4
sec,4
insufficient,4
performs,4
throughout,4
replay,4
restrictive,4
leaked,4
sorting,4
unexpected,4
fi,4
generalized,4
inactive,4
association,4
testing,4
sonatype,4
course,4
reflection,4
httpandhttps,4
unable,4
doas,4
datatables,4
mostly,4
subclusters,4
maven,4
astro,4
federate,4
manipulate,4
percent,4
restarted,4
logger,3
libudev,3
introduction,3
mapred,3
hash,3
straightforward,3
technology,3
sufficient,3
ownership,3
constrain,3
vulnerable,3
recognition,3
lift,3
httponly,3
unattached,3
brief,3
ongoing,3
burst,3
inodes,3
byqueuelen,3
allowed,3
placeholder,3
extendability,3
envision,3
concretely,3
expectation,3
offswitch,3
initiation,3
predictive,3
wsce,3
nowadays,3
javasandbox,3
relatively,3
redirects,3
reorder,3
sssd,3
winbind,3
aka,3
oci,3
subtask,3
thereby,3
objective,3
reduces,3
clone,3
introduces,3
paused,3
usual,3
builder,3
intel,3
center,3
proposes,3
predictably,3
choice,3
nodegroup,3
guice,3
edw,3
jni,3
accurate,3
composition,3
pig,3
webservices,3
instruct,3
grab,3
abort,3
hole,3
mins,3
explore,3
discard,3
defeat,3
greedy,3
ping,3
resolver,3
synchronous,3
loaded,3
enterprise,3
insecure,3
sre,3
installation,3
accommodate,3
aggressively,3
preemptable,3
increasingly,3
rollback,3
stored,3
nfs,3
coordination,3
redirection,3
scm,3
miniyarncluster,3
failures,3
stale,3
listing,3
incorporate,3
stability,3
self,3
optimal,3
ram,3
reallocation,3
badly,3
preferable,3
backward,3
crunch,3
haul,3
language,3
interrupt,3
tightly,3
jstacks,3
queuea,3
normalization,3
anywhere,3
usecase,3
despite,3
whitelisting,3
localhost,3
kafka,3
enum,3
slas,3
slide,3
depends,3
utils,3
drf,3
grid,3
forget,3
readability,3
category,3
vertex,3
lrpc,3
evolve,3
countable,3
inspire,3
firewall,3
gigabit,3
ethernet,3
lost,3
flaw,3
producer,3
tolerance,3
frequent,3
technique,3
ranger,3
sentry,3
product,3
sharing,3
gridmix,3
usable,3
wasteful,3
failovers,3
alert,3
incr,3
widely,3
hog,3
namely,3
channel,3
estimation,3
pom,3
relation,3
nodel,3
serialization,3
wrong,3
millisecond,3
implication,3
boom,3
keystore,3
existent,3
depth,3
loose,3
pbimpl,3
quorum,3
duration,3
commitment,3
reconnected,3
gen,3
kerberized,3
forced,3
picture,3
troubleshoot,3
concurrency,3
verification,3
reinitialize,3
naturally,3
certainly,3
inefficiency,3
inefficient,3
fragmentation,3
parallelize,3
archive,3
slf,3
align,3
clusterid,3
fire,3
yes,3
degradation,3
plugins,3
direction,3
rogue,3
swap,3
compact,3
unix,3
relinquish,3
messy,3
net_cls,3
ds,3
conclude,3
ttl,3
deprecate,3
accepted,3
preferred,3
emergency,3
renewer,3
shortly,3
research,3
resolution,3
yarnfile,3
guava,3
launching,3
majority,3
parity,3
spnego,3
character,3
uniform,3
ship,3
orchestration,3
watch,3
render,3
front,3
dao,3
sooner,3
mini,3
bin,3
deem,3
willing,3
approve,3
parameters,3
filename,3
un,3
parsing,3
paging,3
namespaces,3
annotate,3
finer,3
perf,3
adoption,3
layout,3
submarine,3
analytics,3
vm,3
centrally,3
meaning,3
amazon,3
color,3
zip,3
uniqueness,3
websocket,3
stdio,3
daily,3
ut,3
superuser,3
alongside,3
oracle,3
crucial,3
new,3
consumes,3
heartbeating,3
somewhere,3
seek,3
hostnames,3
unreserve,3
totally,3
combine,3
symlinks,3
program,3
float,3
allocator,3
synchronously,3
historically,3
timer,3
cancelation,3
deadline,3
extensive,3
multiply,3
integer,3
absolutely,3
worth,3
workarounds,3
onboard,3
preempted,3
former,3
differently,3
repopulate,3
meaningful,3
print,3
coverage,3
orchestrate,3
roughly,3
assigned,3
recreate,3
lightweight,3
periodic,3
upper,3
src,3
nest,3
znode,3
iterator,3
smoothly,3
crawl,3
proxying,3
drop,3
double,3
rebalance,3
decreased,3
array,3
downstream,3
refreshqueue,3
adapter,3
broken,3
exploit,3
operating,3
unlike,3
redistribute,3
click,3
uam,3
downgrade,3
uploader,3
regression,3
audit,3
poor,3
subsequently,3
functional,3
deserialisation,3
angular,3
severity,2
editable,2
javascript,2
jump,2
minus,2
pr,2
noop,2
comma,2
logdeletiontask,2
company,2
suitable,2
evenly,2
robin,2
ratis,2
raft,2
merging,2
scatter,2
technically,2
containerd,2
claim,2
deteriorate,2
internals,2
hosting,2
accumulated,2
circular,2
easier,2
datanodes,2
asc,2
predictable,2
int,2
recovers,2
cutoff,2
statically,2
pointer,2
uams,2
extended,2
hdds,2
doubt,2
clearer,2
orthogonal,2
queuelength,2
ascend,2
akin,2
promptly,2
regularly,2
contextual,2
rrs,2
wind,2
spof,2
downside,2
toto,2
inventory,2
proportion,2
facade,2
mechanisms,2
correctness,2
hear,2
cleaner,2
mature,2
retrieval,2
traditionally,2
selectively,2
faithfully,2
seriously,2
horizontal,2
bar,2
httpd,2
connectivity,2
normalize,2
effectiveness,2
sas,2
ai,2
proposition,2
hung,2
interim,2
cron,2
enables,2
fulfil,2
executable,2
facility,2
wherever,2
infer,2
debate,2
fly,2
purely,2
zkfc,2
arbitrarily,2
prolong,2
govern,2
sym,2
recommended,2
positive,2
viewer,2
column,2
belongs,2
responds,2
conventional,2
presumably,2
mechanic,2
overhaul,2
refactored,2
paper,2
prediction,2
standardize,2
tone,2
subdomain,2
gns,2
relaxed,2
flushing,2
flow_run,2
freed,2
paradigm,2
slightly,2
reusable,2
discrete,2
clock,2
mram,2
officially,2
red,2
interacts,2
arrangement,2
overriding,2
predefined,2
refine,2
unauthorized,2
median,2
unusable,2
reschedule,2
dce,2
setcb,2
unregistration,2
endtime,2
susceptible,2
broker,2
desktop,2
qualified,2
built,2
ecu,2
localizing,2
position,2
unblock,2
resoucemanager,2
alice,2
heavily,2
widespread,2
decrypt,2
imagine,2
touch,2
packing,2
ams,2
commonly,2
intercept,2
overuse,2
rat,2
clobber,2
fractional,2
reading,2
pagging,2
bridge,2
minimally,2
disadvantage,2
spin,2
correlation,2
relationship,2
correlate,2
intent,2
workable,2
buggy,2
denial,2
temp,2
heterogeneity,2
book,2
prefers,2
narrow,2
necessarily,2
loading,2
statement,2
rpcs,2
inclusive,2
drastically,2
insight,2
circuit,2
indexing,2
getnodes,2
enormous,2
qop,2
likewise,2
ga,2
expiration,2
comprise,2
unpack,2
favor,2
acceptable,2
char,2
getmetrics,2
anymore,2
uid,2
leakage,2
merely,2
succeeded,2
elector,2
expressivity,2
threaded,2
th,2
cfs,2
burn,2
stuck,2
preprocessor,2
install,2
completes,2
ordered,2
reserved,2
rle,2
scene,2
star,2
technical,2
university,2
milestone,2
transaction,2
checkpointed,2
created,2
readable,2
employ,2
resourcehandler,2
bloat,2
prevents,2
sent,2
primarygroup,2
srv,2
delivery,2
vanilla,2
lrs,2
safety,2
incrementally,2
circumvent,2
churn,2
runnable,2
affected,2
cleanly,2
targetdir,2
replication,2
observation,2
permanent,2
formal,2
consuming,2
w,2
historyserver,2
regex,2
calculated,2
conditional,2
besides,2
third,2
byte,2
guy,2
play,2
logdir,2
versa,2
nil,2
decrementing,2
nmam,2
prerequisite,2
age,2
flip,2
blow,2
sub_application,2
selection,2
android,2
appropriately,2
pile,2
demote,2
tackle,2
outbound,2
undeclared,2
authz,2
pipe,2
retrievable,2
relay,2
finalization,2
reconnecting,2
mrv,2
deterministic,2
op,2
reduced,2
containertoken,2
ser,2
deser,2
serialize,2
finding,2
smooth,2
coefficient,2
stag,2
skill,2
sole,2
sorted,2
dangle,2
untrusted,2
importantly,2
indirectly,2
https,2
transient,2
adjustment,2
offset,2
pursue,2
absence,2
overallocation,2
tweak,2
zkrmstatestore,2
alter,2
shot,2
explanation,2
submitter,2
converge,2
conversation,2
assumes,2
hop,2
ex,2
xyz,2
dy,2
infinitely,2
soft,2
unclear,2
tolerate,2
reemption,2
creates,2
accessing,2
penalty,2
unused,2
spam,2
spanning,2
browse,2
comprehensive,2
csrf,2
multitude,2
baseline,2
specially,2
conclusion,2
dramatically,2
cfg,2
timely,2
ungracefully,2
intentionally,2
activation,2
convey,2
overkill,2
threading,2
ms,2
shield,2
tunables,2
theory,2
likelihood,2
strongly,2
parsed,2
visibility,2
programmatic,2
accumulo,2
simplified,2
apparently,2
distcp,2
contention,2
import,2
jam,2
wire,2
lifespan,2
slot,2
wise,2
rd,2
resent,2
adverse,2
clustering,2
orient,2
afford,2
illustrate,2
restarting,2
systemd,2
substantially,2
util,2
upgrading,2
maintainability,2
compressed,2
tar,2
distinction,2
excessive,2
queueing,2
making,2
assist,2
uploaded,2
onto,2
designate,2
compress,2
unfair,2
forbid,2
modifying,2
paste,2
companion,2
externally,2
fresh,2
measurement,2
graph,2
coarse,2
sigterm,2
relocation,2
interfere,2
tend,2
bill,2
advance,2
hidden,2
observer,2
sigquit,2
translation,2
negotiates,2
informative,2
spike,2
responsive,2
refactors,2
checking,2
reachable,2
utilisation,2
essential,2
augment,2
underutilized,2
queueb,2
lifecycles,2
arise,2
swarm,2
nonexistent,2
writeable,2
refers,2
nodes,2
usercache,2
reconstruct,2
frozen,2
recalculate,2
shim,2
instrument,2
outdated,2
tail,2
deeply,2
termination,2
tensorboard,2
reflect,2
pain,2
burden,2
export,2
proof,2
head,2
flesh,2
downloads,2
nmclient,2
inheritance,2
variety,2
routinely,2
truncate,2
frustrate,2
preparation,2
toward,2
overcome,2
consecutive,2
flood,2
survive,2
instability,2
arriving,2
encoded,2
conservative,2
corrective,2
rebalancing,2
imbalance,2
aside,2
peak,2
backwards,2
jersey,2
proportionally,2
nobody,2
sanity,2
killed,2
bookkeeping,2
elect,2
heartbeated,2
unregister,2
liveliness,2
prioritization,2
recovered,2
expired,2
subclass,2
reboots,2
temporarily,2
outgo,2
liveness,2
deferred,2
corner,2
peer,2
grow,2
focussing,2
boost,2
popular,2
citizen,2
night,2
substantial,2
separation,2
bash,2
algorithmic,2
continuation,2
arrival,2
prioritize,2
heap,2
dos,2
ode,2
colored,2
resiliency,2
repro,2
someone,2
few,2
tricky,2
robustness,2
adequate,2
reliable,2
reduction,2
contrast,2
opaque,2
derive,2
dc,2
applicaiton,2
complement,2
appattempts,2
jstack,2
upgraded,2
demonstration,2
persistence,2
localdirs,2
si,2
rearrange,2
reporting,2
ensemble,2
relies,2
atlas,2
advertise,2
immutable,2
weighted,2
proxyserver,2
blob,2
recommissioned,2
byresources,2
someuser,2
testcase,2
visible,2
rare,2
naive,2
park,2
changing,2
uber,2
reliability,2
pollution,2
occurs,2
automate,2
extremely,2
undesirable,2
bonus,2
subcommand,2
impose,2
httpsonly,2
interruption,2
gcores,2
initialized,2
ambiguous,2
scheduled,2
website,2
millis,2
replacement,2
variance,2
circumstance,2
consequence,2
asynchronized,2
infomation,2
prepared,2
flink,2
defines,2
logstoragetype,2
police,2
knob,2
dump,2
schedulable,2
premise,2
sleeper,2
rollover,2
known,2
workaround,2
accelerator,2
trend,2
rise,2
retentionsecs,2
decomissioning,2
tolerant,2
ssl,2
timelineclient,2
forth,2
scratch,2
syntax,2
cutoffmillis,2
performant,1
llap,1
atleast,1
inaccurate,1
friendlywe,1
vise,1
thorough,1
j,1
sticky,1
swallow,1
maintainable,1
kv,1
stickiness,1
autoincrement,1
datastores,1
workplace,1
boostrap,1
mitigating,1
widget,1
github,1
pyudev,1
externalize,1
epilog,1
illegal,1
resouces,1
editor,1
cease,1
foremost,1
cripple,1
programatically,1
subtle,1
kb,1
haed,1
blocker,1
business,1
deliberately,1
machinery,1
math,1
multo,1
mar,1
introduced,1
signing,1
fragile,1
throttling,1
portability,1
extensibility,1
realizes,1
syslog,1
appender,1
cfq,1
vssd,1
vdisk,1
optimum,1
checkpoint,1
serveral,1
submitted_time,1
omit,1
lexicographical,1
undesired,1
causing,1
mrjob,1
scopes,1
streaming,1
connotation,1
modules,1
inconvenience,1
checksumming,1
publicly,1
debt,1
tech,1
certificate,1
pausing,1
underneath,1
entites,1
fromid,1
shorthand,1
fear,1
bubble,1
returning,1
feaures,1
screencasts,1
mellon,1
carnegie,1
lab,1
periodicity,1
webservers,1
cope,1
tenet,1
unmanagedam,1
thequeue,1
derby,1
subqueues,1
orgqueue,1
scanning,1
appeal,1
chat,1
policymanager,1
convenience,1
sugar,1
syntactic,1
altogether,1
eventual,1
intern,1
updating,1
trading,1
grows,1
zang,1
xiaolin,1
cmu,1
novel,1
visualization,1
committed,1
refactorings,1
st,1
unaware,1
considers,1
especial,1
applation,1
contianer,1
runnig,1
assure,1
conversely,1
empts,1
amrmproxy,1
closer,1
reordering,1
rollup,1
rear,1
timeouts,1
polling,1
handoff,1
thead,1
preservation,1
freezer,1
freeze,1
opporunity,1
missed,1
backports,1
replanner,1
generalise,1
email,1
twitter,1
refrain,1
nd,1
unassigned,1
polish,1
preliminarily,1
hdl,1
ii,1
hybrid,1
maintaing,1
decissions,1
sharingpolicy,1
freezing,1
invlolved,1
invest,1
dl,1
ml,1
moveapplication,1
plenty,1
imbalanced,1
coherent,1
gss,1
setions,1
hadoopconfdir,1
excerpt,1
overcommit,1
implicit,1
dnsjava,1
exclusively,1
inference,1
convolute,1
merit,1
heartbeats,1
instantly,1
nodeupdate,1
statestore,1
multithreaded,1
mutually,1
yesterday,1
cuda,1
mismatch,1
nvidia_uvm,1
promising,1
addnode,1
removenode,1
remainder,1
preferably,1
collaboration,1
offered,1
alike,1
updatethread,1
suggested,1
spirit,1
spool,1
resolved,1
designated,1
zeppelin,1
regionsevers,1
pseudo,1
destruction,1
negative,1
vinod,1
restricts,1
benifits,1
needy,1
leafqueues,1
occure,1
worry,1
hostport,1
appattemptsize,1
appsize,1
xfs,1
enhanced,1
obvious,1
outline,1
helix,1
twill,1
reef,1
unite,1
universally,1
universal,1
reportable,1
pwd,1
uploads,1
logistical,1
numerous,1
avoids,1
operationally,1
refactory,1
databases,1
drift,1
inevitable,1
relocate,1
frame,1
belonging,1
sigwinch,1
sigkill,1
applcations,1
powerful,1
sink,1
occasionally,1
callqueue,1
applicaitons,1
warehouse,1
dose,1
protobufs,1
strain,1
uncompress,1
visit,1
appattempt,1
independence,1
densely,1
decline,1
degree,1
gate,1
twice,1
datasets,1
jdbc,1
scheduer,1
vertify,1
queues,1
shading,1
shade,1
kinited,1
containers,1
amplify,1
comprehend,1
cumulative,1
crux,1
penalize,1
resultant,1
chang,1
responce,1
applogs,1
nowdays,1
kbytes,1
demoting,1
demotion,1
appcontainers,1
workpreserving,1
condensed,1
extraneous,1
declarative,1
precede,1
queeu,1
testability,1
unavoidable,1
daemontools,1
anylabel,1
intentiaonally,1
logcial,1
wildcare,1
trim,1
blank,1
thant,1
precedence,1
firstly,1
inittab,1
suffice,1
sheduler,1
jobhistory,1
authenticated,1
keberos,1
jaas,1
pose,1
existing,1
alternatively,1
placing,1
boot,1
serviceapi,1
abnormal,1
flushable,1
arn,1
unfulfilled,1
borrow,1
costlier,1
tremendous,1
suspicious,1
rally,1
weave,1
survey,1
orphan,1
orphaned,1
hardcoded,1
stamp,1
threefold,1
rationale,1
chief,1
ball,1
codepath,1
probe,1
handshake,1
durable,1
durability,1
approachable,1
focusses,1
lean,1
driven,1
lazy,1
recursively,1
steve,1
plausible,1
rabbit,1
wal,1
inherent,1
unresponsive,1
asynch,1
issuedby,1
withdifferent,1
friend,1
datacenter,1
crawler,1
behaved,1
swappiness,1
containing,1
negligible,1
distort,1
safer,1
claiming,1
colorful,1
shring,1
fundamental,1
highlight,1
maintaining,1
inflight,1
hostfoo,1
computer,1
institute,1
relinquishing,1
momentary,1
aways,1
reinitializing,1
iiuic,1
anyway,1
iterating,1
enablepreemption_,1
disable_preemption,1
chance,1
pickup,1
criterion,1
rowkey,1
donot,1
conceivably,1
unnecessarily,1
surgical,1
opportunitic,1
paritions,1
suit,1
rethink,1
namenodes,1
oder,1
fifocomparator,1
sound,1
young,1
containerlogs,1
athens,1
national,1
iccs,1
hdd,1
ssds,1
quietly,1
complication,1
mistake,1
troublesome,1
rebase,1
urgent,1
posting,1
plugggable,1
accelerate,1
ldap,1
mirror,1
helpfull,1
updgrade,1
requesting,1
timelinestore,1
conform,1
sparse,1
overloading,1
modular,1
jetty,1
departure,1
permitted,1
existence,1
named,1
mounted,1
ldlibrarypath,1
squash,1
gid,1
provided,1
tap,1
resizing,1
untils,1
preinstall,1
wiki,1
nv,1
clunky,1
bleed,1
urls,1
opencl,1
jocl,1
greece,1
misfortune,1
jon,1
addressable,1
rdl,1
langauge,1
transperent,1
zone,1
dek,1
symmetric,1
keyword,1
horizontally,1
tco,1
valuable,1
dictate,1
ditributed,1
configration,1
allocatable,1
curious,1
indicator,1
allcoated,1
suffers,1
apparent,1
temperature,1
fpgas,1
riched,1
environemnt,1
skipped,1
accessed,1
technicality,1
dashboard,1
cleverer,1
scaling,1
doable,1
datastructures,1
tough,1
tougher,1
outerworld,1
exfiltration,1
ulf,1
mulp,1
bitmap,1
pci,1
dive,1
constitute,1
resistant,1
mercury,1
sparrow,1
ditto,1
motivating,1
cite,1
indeed,1
oversee,1
meta,1
exhibited,1
prompt,1
maintainablity,1
quality,1
impersonation,1
topic,1
smart,1
proceeds,1
times,1
registered,1
starts,1
trade,1
occupies,1
severely,1
needlessly,1
guess,1
resides,1
stat,1
cheap,1
reacquiring,1
reacquisition,1
dynamicflexible,1
dynamiclegacy,1
backup,1
uncleaning,1
variant,1
downloadable,1
cascade,1
similarity,1
insist,1
pyspark,1
goto,1
summed,1
tableprimary,1
occurrence,1
digit,1
rr,1
marketing,1
makerting,1
througn,1
population,1
filing,1
started,1
behaving,1
hi,1
redundancy,1
improved,1
nod,1
accumulation,1
keytabs,1
unreachable,1
stand,1
imlemented,1
flexibleafter,1
copying,1
physically,1
logically,1
resemble,1
closely,1
containerimpl,1
judgement,1
fundamentally,1
historical,1
indicated,1
portable,1
miscellaneous,1
asyn,1
publishes,1
shoud,1
constant,1
hierarchically,1
exponential,1
exponentially,1
uncertainty,1
weekly,1
enforces,1
flowversion,1
flowrun,1
raws,1
hdfsbytesread,1
analytic,1
finite,1
permalinks,1
pecentage,1
customizations,1
theoretically,1
unspecified,1
appreciate,1
million,1
dedupe,1
es,1
elasticsearch,1
competed,1
idempotent,1
emption,1
brittle,1
ajax,1
anonymous,1
authenticator,1
outstands,1
remembers,1
uniformly,1
representation,1
evict,1
lowcost,1
unfairly,1
impairment,1
capability_,1
sql,1
dbms,1
intercepting,1
da,1
entrypoint,1
tracetype,1
classing,1
algos,1
iteratively,1
pc,1
carefully,1
eviction,1
draft,1
indexed,1
unsafe,1
writing,1
sizebasedweight,1
returned,1
guest,1
container_id,1
remotely,1
engineering,1
domainid,1
auth,1
notin,1
ps,1
player,1
remaining,1
vip,1
contend,1
primacy,1
prempting,1
sangjin,1
excessively,1
unlucky,1
forbidden,1
resourceusage,1
chaining,1
lifecyle,1
specifies,1
batching,1
mountcgroups,1
arrange,1
artificial,1
stitch,1
ration,1
constraints,1
shuts,1
collocate,1
impractical,1
suspect,1
breakpoints,1
freshness,1
oppose,1
iiuc,1
overwritten,1
overwriting,1
finalized,1
restart_policy,1
exitcode,1
training,1
boarder,1
provice,1
unwanted,1
reliabile,1
participation,1
rebind,1
initialised,1
ipv,1
repopulated,1
denormalized,1
rarely,1
memcached,1
ddos,1
deduct,1
flexing,1
collision,1
bust,1
cname,1
tight,1
trip,1
incredibly,1
abstracted,1
staleness,1
eaf,1
ommon,1
rigid,1
realtime,1
updates,1
modularize,1
lexically,1
indeterminate,1
eyond,1
preferentially,1
qdisc,1
originate,1
fancy,1
generational,1
obliquely,1
collective,1
asynchrony,1
periodical,1
tracker,1
proposed,1
scripts,1
confg,1
queryparam,1
predetermined,1
dish,1
reaction,1
decides,1
transit,1
rmnode,1
containerblock,1
attemptblock,1
appblock,1
feed,1
relaunch,1
involves,1
enabled,1
entries,1
collected,1
reauthorized,1
optimally,1
comprensible,1
whit,1
iterative,1
postgresql,1
eventthread,1
disconnect,1
disconnected,1
mess,1
putdomain,1
borg,1
cpuset,1
shake,1
differentiated,1
ls,1
softlimitin_bytes,1
principle,1
preemptively,1
sucessfully,1
graind,1
passthrough,1
skeleton,1
nextgen,1
indefinitly,1
parallelism,1
agreed,1
synchronized,1
uploading,1
preloaded,1
breach,1
approx,1
suitably,1
wisely,1
vcoresconf,1
forwarding,1
finishing,1
checked,1
squawk,1
reality,1
ack,1
appending,1
fiddly,1
sasl,1
queuable,1
architecturally,1
intuitive,1
getnodetolabels,1
iaw,1
tear,1
esp,1
exhaust,1
ts,1
barebones,1
crude,1
viable,1
assurance,1
spoofing,1
oev,1
oiv,1
admister,1
ce,1
exceeds,1
exempt,1
queue_a,1
queuec,1
bulkactivities,1
hanging,1
intervention,1
codahale,1
connectionless,1
outset,1
unauthenticated,1
offering,1
empt,1
nscd,1
ss,1
restartable,1
applies,1
applcation,1
logaggregation,1
overloaded,1
tracing,1
receiver,1
elastically,1
accumulate,1
tunable,1
embeddability,1
tbd,1
dimensional,1
vital,1
implementing,1
overlap,1
personalize,1
defination,1
significance,1
refreshable,1
assistance,1
accurately,1
slice,1
entail,1
fica,1
briefly,1
libs,1
bascially,1
instantaneously,1
mutable,1
principal_name,1
ran,1
abfs,1
nodeset,1
yarnclustercli,1
slower,1
multiplexing,1
iop,1
prudent,1
ground,1
tester,1
invalidate,1
ecosystem,1
department,1
importance,1
redeployment,1
aforementioned,1
deregister,1
permutation,1
mimic,1
sheer,1
blocking,1
negotiation,1
estabilised,1
hanldes,1
netheir,1
establise,1
fewer,1
atomic,1
dts,1
reveal,1
subnodes,1
crd,1
expilicitly,1
brings,1
propagating,1
extracting,1
adversely,1
gui,1
ranked,1
anomaly,1
detects,1
behavioral,1
capable,1
diagnose,1
growth,1
killall,1
determination,1
emerging,1
experimentation,1
schduler,1
doubte,1
phenomenon,1
strange,1
authentic,1
strong,1
guideline,1
reside,1
increate,1
elevation,1
hijacker,1
elevated,1
manipulation,1
exceedingly,1
overwhelm,1
incapable,1
adaption,1
initialisation,1
atomicity,1
lr,1
posteriori,1
planned,1
reorganization,1
replan,1
sceanrio,1
php,1
lf,1
cr,1
regsiter,1
menas,1
remains,1
duplex,1
directional,1
bi,1
unidirectional,1
livelock,1
authentictaion,1
piggyback,1
unprivileged,1
interference,1
blueprint,1
perl,1
incl,1
elegant,1
month,1
jobtracker,1
shelter,1
imminent,1
unlikely,1
manageability,1
counterpart,1
sys,1
insightful,1
volunteer,1
left,1
queuename,1
source_attribute,1
map_specifier,1
infra,1
streamline,1
mvn,1
apart,1
mt,1
jobclient,1
orchestrator,1
neutral,1
emerge,1
spreadsheet,1
converted,1
unset,1
misc,1
personally,1
sutiation,1
middle,1
contains,1
intrusive,1
prove,1
solid,1
availablity,1
unpacks,1
vgg,1
outperform,1
speedup,1
resnet,1
inception,1
cnn,1
aws,1
descend,1
libwinutils,1
interop,1
submisisons,1
corporate,1
annotation,1
declaredmin,1
depict,1
workas,1
nutshell,1
thequeues,1
nowcurrent,1
getter,1
constructorin,1
awkward,1
globalpreemtion,1
eat,1
incompleteness,1
nonhierarchical,1
withing,1
gun,1
spray,1
decentralize,1
rename,1
quirk,1
bus,1
topo,1
smi,1
inexpensive,1
querying,1
lvs,1
balancer,1
sp,1
pollute,1
unproxied,1
amipfilter,1
spindle,1
granular,1
shareand,1
apping,1
somebody,1
felt,1
descriptive,1
owne,1
keystroke,1
poll,1
zmodem,1
tiny,1
amicable,1
conduct,1
sever,1
wiring,1
hotspot,1
compatable,1
overwrrides,1
infrasturcture,1
heterogenous,1
largely,1
lxc,1
notoriously,1
sanitize,1
scripting,1
echo,1
multihomed,1
equivalence,1
compliment,1
versatile,1
whereas,1
upto,1
queueunder,1
imho,1
exiting,1
platfrom,1
incloding,1
solely,1
audience,1
speaker,1
yar,1
called,1
commonplace,1
iron,1
trial,1
practical,1
winutil,1
createasuser,1
emthods,1
deployable,1
equally,1
dominates,1
nodeid,1
title,1
containerstate,1
queryparams,1
conceptual,1
servlets,1
pip,1
game,1
expected,1
estimated,1
everybody,1
nevertheless,1
comer,1
lastaccessed,1
mechamnism,1
deliver,1
managed,1
unmanged,1
received,1
genereate,1
developpers,1
implemention,1
loc,1
wc,1
xargs,1
logjam,1
institutional,1
precisely,1
synthetically,1
follower,1
glinda,1
dynamometer,1
inspiration,1
draw,1
aspects,1
beefy,1
fledge,1
dynoyarn,1
coupling,1
pollable,1
atomically,1
visualize,1
inbuilt,1
fullfill,1
anytime,1
proc,1
owned,1
compromise,1
translator,1
structured,1
induced,1
obects,1
impls,1
yarm,1
thinner,1
lifting,1
instrumental,1
parcelling,1
conceptually,1
contraints,1
subdivide,1
libjar,1
jobjar,1
staate,1
localresources,1
changed,1
interpretation,1
protocols,1
omega,1
rdbms,1
transactional,1
updatable,1
statefull,1
resilient,1
truth,1
fencing,1
overutilize,1
collocated,1
llama,1
governance,1
unstructured,1
negatively,1
spill,1
poorly,1
lay,1
frameworks,1
blog,1
awesome,1
ever,1
feasibility,1
speak,1
prevalent,1
jobjars,1
nuance,1
reacquire,1
classic,1
tested,1
whereby,1
rmhost,1
concise,1
decompose,1
rework,1
permanently,1
resyncing,1
nodeaddedevent,1
sqoop,1
unplanned,1
viceversa,1
undefined,1
excess,1
perennially,1
slowstart,1
rexec,1
silly,1
associated,1
forcefully,1
strip,1
classloaders,1
impersonate,1
assigns,1
balanced,1
warm,1
chosen,1
disruptive,1
randomize,1
rotate,1
react,1
coordinate,1
securely,1
groundwork,1
irrelevant,1
posibility,1
greate,1
compuiting,1
drone,1
cameras,1
iot,1
phone,1
appications,1
standardization,1
components,1
overly,1
sandboxed,1
sids,1
arm,1
hungry,1
clusterware,1
kube,1
weblinkone,1
chooses,1
restricted,1
servicedata,1
servicename,1
auxillary,1
notation,1
complain,1
overflow,1
conjunction,1
shall,1
reconfiguring,1
repeatedly,1
mrappmaster,1
acled,1
scoped,1
lsa,1
authority,1
setcbname,1
jail,1
bsd,1
official,1
executables,1
winrt,1
isolated,1
exercise,1
innovation,1
confidence,1
researcher,1
further,1
invaluable,1
unfortunately,1
fertile,1
xeon,1
opteron,1
ghz,1
equivalently,1
yvc,1
unambiguously,1
unambigiously,1
motivate,1
allocates,1
versioning,1
ivy,1
advise,1
greatly,1
occours,1
fxing,1
mananging,1
manpower,1
market,1
inovations,1
app_,1
secured,1
demo,1
chart,1
analyze,1
sidestep,1
arithmetic,1
chaging,1
dto,1
marshal,1
reentrant,1
oversubscribe,1
measured,1
confusing,1
magnitude,1
quarter,1
wildly,1
reasoning,1
serviceid,1
beside,1
ambari,1
compliant,1
virtualization,1
explorer,1
validity,1
epic,1
ioexception,1
malicious,1
throwable,1
privacy,1
paginate,1
bond,1
rerun,1
historystorage,1
capabilities,1
decently,1
quantity,1
toggle,1
eight,1
dev,1
emulator,1
buffered,1
intergrating,1
prim,1
documentstore,1
quote,1
cfsperiodus,1
oddly,1
rfc,1
flavor,1
contexts,1
var,1
squashfs,1
whoever,1
yas,1
alarm,1
priming,1
waititng,1
preprime,1
extends,1
customizable,1
serivces,1
discretionary,1
bump,1
tab,1
vice,1
reposting,1
capabilty,1
cfsquotaus,1
mater,1
reissue,1
applicationcli,1
unpublish,1
especifically,1
uneven,1
documentsthis,1
onwards,1
validates,1
checkpointing,1
consolidated,1
delegationtoken,1
integrity,1
settle,1
dangling,1
unsatisfied,1
clc,1
instantiation,1
organize,1
consequently,1
discus,1
abused,1
sample,1
kernel,1
ffpga,1
ago,1
trample,1
deadlocks,1
lend,1
approximate,1
elsewhere,1
tokenidentifier,1
deadzone,1
weighting,1
counting,1
forcibly,1
chronological,1
accounting,1
repair,1
micromanage,1
macroscopic,1
progressively,1
delicate,1
hack,1
introspective,1
reactive,1
pace,1
tension,1
unbounded,1
excludes,1
handy,1
rightful,1
ws,1
curl,1
loader,1
seperate,1
stance,1
opposite,1
killling,1
substitute,1
edits,1
generality,1
lesson,1
integral,1
detrimental,1
headless,1
continued,1
sophistication,1
keepalive,1
lingering,1
linger,1
canread,1
setreadable,1
perceive,1
unavailability,1
stabilizes,1
wel,1
rip,1
postpone,1
commission,1
cancellation,1
prioritized,1
stabilize,1
removing,1
instruction,1
cgorup,1
odds,1
decent,1
travel,1
contaniers,1
users,1
undecided,1
happily,1
buy,1
analogy,1
manageable,1
intelligent,1
lastly,1
conceivable,1
localtions,1
centric,1
indication,1
composable,1
productivity,1
tedious,1
diverse,1
umanaged,1
debugger,1
debugging,1
thereafter,1
unburden,1
interesting,1
purged,1
happens,1
delta,1
sake,1
backends,1
backport,1
overlay,1
colocate,1
anchor,1
completeness,1
la,1
avro,1
starting,1
experimental,1
intimately,1
becaused,1
partially,1
afterwards,1
foundry,1
avail,1
cpuinfo,1
meminfo,1
confusion,1
inappropriate,1
resubmit,1
recourse,1
untenable,1
installs,1
logistics,1
classloader,1
virtualized,1
coexist,1
fixing,1
retrofit,1
protected,1
seamless,1
invaild,1
inlining,1
bytecode,1
stringbuilder,1
alignment,1
dock,1
yaml,1
crashing,1
subclasses,1
npe,1
safely,1
partway,1
somehow,1
prevention,1
bomb,1
uncontrollably,1
hacker,1
inconsistent,1
heuristic,1
hurt,1
exhibit,1
dfip,1
proliferation,1
human,1
clause,1
choreograph,1
entrancy,1
defend,1
smp,1
epoch,1
hover,1
happening,1
probability,1
subclassing,1
agree,1
summit,1
lounge,1
anodegroup,1
summarize,1
doled,1
fluctuation,1
strike,1
inoperable,1
unclean,1
working,1
wadl,1
injection,1
improvise,1
publishing,1
lacking,1
dr,1
tl,1
restful,1
idealallocation,1
routing,1
picky,1
sensitivity,1
scarce,1
transitioning,1
pin,1
desn,1
editorial,1
pi,1
upstream,1
fold,1
fan,1
corporation,1
oversized,1
everytime,1
resends,1
idempotency,1
failing,1
restrain,1
semantic,1
comply,1
surprisingly,1
incidence,1
cached,1
insufficience,1
inods,1
conside,1
hypothesis,1
splitting,1
tuning,1
eof,1
localise,1
advice,1
affection,1
recommissioning,1
wrapping,1
bare,1
dumb,1
dn,1
delegated,1
shuffling,1
auxservices,1
monotonically,1
advent,1
exexution,1
resoure,1
suite,1
epecially,1
somegroup,1
reproduction,1
behaves,1
killing,1
rerouting,1
directories,1
jna,1
filesystems,1
dispacher,1
nodelistmanager,1
hypothetical,1
ozone,1
pcie,1
writelock,1
hpc,1
nec,1
retentionmillis,1
configures,1
lru,1
published,1
databind,1
jackson,1
breakfast,1
rationally,1
bother,1
okay,1
timestampt,1
deleted,1
described,1
element,1
todo,1
hyphen,1
concatenate,1
contstructor,1
disables,1
disributed,1
javadoc,1
acceleration,1
entirely,1
gced,1
reinitialising,1
reparsing,1
queuemetrics,1
serialisation,1
laois,1
deserialization,1
combat,1
ysoserial,1
mac,1
shell,1
gadget,1
deserialise,1
personal,1
gradually,1
orm,1
intact,1
conducive,1
prohibitive,1
preconfigured,1
postgres,1
unconcerned,1
behavioural,1
allocs,1
proportional,1
quantiles,1
simplicity,1
operational,1
abandon,1
piecemeal,1
satisfaction,1
mass,1
workflows,1
repeat,1
sign,1
alibaba,1
plane,1
asf,1
ea,1
dist,1
pol,1
inadvertantely,1
ref,1
rce,1
setdata,1
dozen,1
centralise,1
